,Last Name,First Name,height,weight,bmi
0,Bacot,Armando,83,240,24.489351949227935
1,Davis,RJ,72,180,24.40786249685059
2,Cadeau,Elliot,73,180,23.743734130920142
